[
  {
  "tags":[],
  "text":"hello <b>test<\/b>. test ",
  "complete":false,
  "created":"2013-02-13T20:19:47+0000",
  "liked":false,
  "name":"hello test. test ",
  "notebooks":["13386642-ccfe-49ae-a269-43d28ad6b98b"],
  "image":null,
  "uuid":"133cdb4b-2802-47ea-b8cd-01e762ef4b4d",
  "public":false,
  "type":"Note",
  "modified":"2014-04-09T14:34:41+0000"
  },
  {
  "tags":[],
  "liked":false,
  "notebooks":["13386642-ccfe-49ae-a269-43d28ad6b98b"],
  "image":null,
  "type":"Bookmark",
  "url":"http:\/\/stackoverflow.com\/questions\/6553758\/in-vim-why-is-j-used-for-down-and-k-for-up",
  "modified":"2014-04-09T14:34:41+0000",
  "created":"2013-02-13T20:19:47+0000",
  "complete":false,
  "name":"",
  "uuid":"133d85ae-f500-4c0a-9d4f-7eb6cc5efd40",
  "rating":0.0,
  "public":false
  },
  {
  "tags":[],
  "complete":false,
  "created":"2013-02-13T17:20:56+0000",
  "liked":false,
  "name":"Blank Note",
  "notebooks":["13386642-ccfe-49ae-a269-43d28ad6b98b"],
  "image":null,
  "uuid":"13336e50-8369-489e-aef7-76abb4ec9223",
  "public":false,
  "type":"Note",
  "modified":"2014-04-09T14:34:41+0000"
  },
  {
  "tags":[],
  "complete":false,
  "created":"2013-02-13T17:20:51+0000",
  "liked":false,
  "name":"Blank Note",
  "notebooks":["13386642-ccfe-49ae-a269-43d28ad6b98b"],
  "image":null,
  "uuid":"1331bd55-dbff-49d5-9ba3-8e6b0e396c5d",
  "public":false,
  "type":"Note",
  "modified":"2014-04-09T14:34:41+0000"
  },
  {
  "tags":["fasfl lasd alsd asd","asasd","asdasd"],
  "text":"",
  "liked":false,
  "notebooks":["13386642-ccfe-49ae-a269-43d28ad6b98b"],
  "image":null,
  "type":"Note",
  "modified":"2014-04-09T14:34:41+0000",
  "created":"2013-02-13T17:20:49+0000",
  "complete":false,
  "name":"Blank Note",
  "uuid":"133b3e6d-3600-489b-8c5a-a86f15331812",
  "public":false,
  "comments":[
      {
      },
      {
      },
      {
      "commenter":"akirk",
      "date":"2013-02-13T17:21:52+0000",
      "comment":"hasjdas"
      },
      {
      "commenter":"cocooo",
      "date":"2013-02-13T17:21:03+0000",
      "comment":"asdasd"
      }]
  },
  {
  "tags":[],
  "created":"2013-02-13T17:19:30+0000",
  "item count":5.0,
  "liked":false,
  "name":"test",
  "image":null,
  "uuid":"13386642-ccfe-49ae-a269-43d28ad6b98b",
  "public":false,
  "type":"Notebook",
  "modified":"2014-04-07T11:41:17+0000"
  }]